{
  "County Durham UA": "domestic-E06000047-County-Durham",
  "Darlington UA": "domestic-E06000005-Darlington",
  "Hartlepool UA": "domestic-E06000001-Hartlepool",
  "Middlesbrough UA": "domestic-E06000002-Middlesbrough",
  "Northumberland UA": "domestic-E06000057-Northumberland",
  "Redcar and Cleveland UA": "domestic-E06000003-Redcar-and-Cleveland",
  "Stockton-on-Tees UA": "domestic-E06000004-Stockton-on-Tees",
  "Gateshead": "domestic-E08000037-Gateshead",
  "Newcastle upon Tyne": "domestic-E08000021-Newcastle-upon-Tyne",
  "North Tyneside": "domestic-E08000022-North-Tyneside",
  "South Tyneside": "domestic-E08000023-South-Tyneside",
  "Sunderland": "domestic-E08000024-Sunderland",
  "Blackburn with Darwen UA": "domestic-E06000008-Blackburn-with-Darwen",
  "Blackpool UA": "domestic-E06000009-Blackpool",
  "Cheshire East UA": "domestic-E06000049-Cheshire-East",
  "Cheshire West and Chester UA": "domestic-E06000050-Cheshire-West-and-Chester",
  "Cumberland UA": "domestic-E06000063-Cumberland",
  "Allerdale": "domestic-E07000026-Allerdale",
  "Carlisle": "domestic-E07000028-Carlisle",
  "Copeland": "domestic-E07000029-Copeland",
  "Halton UA": "domestic-E06000006-Halton",
  "Warrington UA": "domestic-E06000007-Warrington",
  "Westmorland and Furness UA": "domestic-E06000064-Westmorland-and-Furness",
  "Barrow-in-Furness": "domestic-E07000027-Barrow-in-Furness",
  "Eden": "domestic-E07000030-Eden",
  "South Lakeland": "domestic-E07000031-South-Lakeland",
  "Bolton": "domestic-E08000001-Bolton",
  "Bury": "domestic-E08000002-Bury",
  "Manchester": "domestic-E08000003-Manchester",
  "Oldham": "domestic-E08000004-Oldham",
  "Rochdale": "domestic-E08000005-Rochdale",
  "Salford": "domestic-E08000006-Salford",
  "Stockport": "domestic-E08000007-Stockport",
  "Tameside": "domestic-E08000008-Tameside",
  "Trafford": "domestic-E08000009-Trafford",
  "Wigan": "domestic-E08000010-Wigan",
  "Burnley": "domestic-E07000117-Burnley",
  "Chorley": "domestic-E07000118-Chorley",
  "Fylde": "domestic-E07000119-Fylde",
  "Hyndburn": "domestic-E07000120-Hyndburn",
  "Lancaster": "domestic-E07000121-Lancaster",
  "Pendle": "domestic-E07000122-Pendle",
  "Preston": "domestic-E07000123-Preston",
  "Ribble Valley": "domestic-E07000124-Ribble-Valley",
  "Rossendale": "domestic-E07000125-Rossendale",
  "South Ribble": "domestic-E07000126-South-Ribble",
  "West Lancashire": "domestic-E07000127-West-Lancashire",
  "Wyre": "domestic-E07000128-Wyre",
  "Knowsley": "domestic-E08000011-Knowsley",
  "Liverpool": "domestic-E08000012-Liverpool",
  "Sefton": "domestic-E08000014-Sefton",
  "St. Helens": "domestic-E08000013-St-Helens",
  "Wirral": "domestic-E08000015-Wirral",
  "East Riding of Yorkshire UA": "domestic-E06000011-East-Riding-of-Yorkshire",
  "Kingston upon Hull, City of UA": "domestic-E06000010-Kingston-upon-Hull-City-of",
  "North East Lincolnshire UA": "domestic-E06000012-North-East-Lincolnshire",
  "North Lincolnshire UA": "domestic-E06000013-North-Lincolnshire",
  "North Yorkshire UA": "domestic-E06000065-North-Yorkshire",
  "Craven": "domestic-E07000163-Craven",
  "Hambleton": "domestic-E07000164-Hambleton",
  "Harrogate": "domestic-E07000165-Harrogate",
  "Richmondshire": "domestic-E07000166-Richmondshire",
  "Ryedale": "domestic-E07000167-Ryedale",
  "Scarborough": "domestic-E07000168-Scarborough",
  "Selby": "domestic-E07000169-Selby",
  "York UA": "domestic-E06000014-York",
  "Barnsley": "domestic-E08000016-Barnsley",
  "Doncaster": "domestic-E08000017-Doncaster",
  "Rotherham": "domestic-E08000018-Rotherham",
  "Sheffield": "domestic-E08000019-Sheffield",
  "Bradford": "domestic-E08000032-Bradford",
  "Calderdale": "domestic-E08000033-Calderdale",
  "Kirklees": "domestic-E08000034-Kirklees",
  "Leeds": "domestic-E08000035-Leeds",
  "Wakefield": "domestic-E08000036-Wakefield",
  "Derby UA": "domestic-E06000015-Derby",
  "Leicester UA": "domestic-E06000016-Leicester",
  "North Northamptonshire UA": "domestic-E06000061-North-Northamptonshire",
  "Corby": "domestic-E07000150-Corby",
  "East Northamptonshire": "domestic-E07000152-East-Northamptonshire",
  "Kettering": "domestic-E07000153-Kettering",
  "Wellingborough": "domestic-E07000156-Wellingborough",
  "Nottingham UA": "domestic-E06000018-Nottingham",
  "Rutland UA": "domestic-E06000017-Rutland",
  "West Northamptonshire UA": "domestic-E06000062-West-Northamptonshire",
  "Daventry": "domestic-E07000151-Daventry",
  "Northampton": "domestic-E07000154-Northampton",
  "South Northamptonshire": "domestic-E07000155-South-Northamptonshire",
  "Amber Valley": "domestic-E07000032-Amber-Valley",
  "Bolsover": "domestic-E07000033-Bolsover",
  "Chesterfield": "domestic-E07000034-Chesterfield",
  "Derbyshire Dales": "domestic-E07000035-Derbyshire-Dales",
  "Erewash": "domestic-E07000036-Erewash",
  "High Peak": "domestic-E07000037-High-Peak",
  "North East Derbyshire": "domestic-E07000038-North-East-Derbyshire",
  "South Derbyshire": "domestic-E07000039-South-Derbyshire",
  "Blaby": "domestic-E07000129-Blaby",
  "Charnwood": "domestic-E07000130-Charnwood",
  "Harborough": "domestic-E07000131-Harborough",
  "Hinckley and Bosworth": "domestic-E07000132-Hinckley-and-Bosworth",
  "Melton": "domestic-E07000133-Melton",
  "North West Leicestershire": "domestic-E07000134-North-West-Leicestershire",
  "Oadby and Wigston": "domestic-E07000135-Oadby-and-Wigston",
  "Boston": "domestic-E07000136-Boston",
  "East Lindsey": "domestic-E07000137-East-Lindsey",
  "Lincoln": "domestic-E07000138-Lincoln",
  "North Kesteven": "domestic-E07000139-North-Kesteven",
  "South Holland": "domestic-E07000140-South-Holland",
  "South Kesteven": "domestic-E07000141-South-Kesteven",
  "West Lindsey": "domestic-E07000142-West-Lindsey",
  "Ashfield": "domestic-E07000170-Ashfield",
  "Bassetlaw": "domestic-E07000171-Bassetlaw",
  "Broxtowe": "domestic-E07000172-Broxtowe",
  "Gedling": "domestic-E07000173-Gedling",
  "Mansfield": "domestic-E07000174-Mansfield",
  "Newark and Sherwood": "domestic-E07000175-Newark-and-Sherwood",
  "Rushcliffe": "domestic-E07000176-Rushcliffe",
  "Herefordshire, County of UA": "domestic-E06000019-Herefordshire-County-of",
  "Shropshire UA": "domestic-E06000051-Shropshire",
  "Stoke-on-Trent UA": "domestic-E06000021-Stoke-on-Trent",
  "Telford and Wrekin UA": "domestic-E06000020-Telford-and-Wrekin",
  "Cannock Chase": "domestic-E07000192-Cannock-Chase",
  "East Staffordshire": "domestic-E07000193-East-Staffordshire",
  "Lichfield": "domestic-E07000194-Lichfield",
  "Newcastle-under-Lyme": "domestic-E07000195-Newcastle-under-Lyme",
  "South Staffordshire": "domestic-E07000196-South-Staffordshire",
  "Stafford": "domestic-E07000197-Stafford",
  "Staffordshire Moorlands": "domestic-E07000198-Staffordshire-Moorlands",
  "Tamworth": "domestic-E07000199-Tamworth",
  "North Warwickshire": "domestic-E07000218-North-Warwickshire",
  "Nuneaton and Bedworth": "domestic-E07000219-Nuneaton-and-Bedworth",
  "Rugby": "domestic-E07000220-Rugby",
  "Stratford-on-Avon": "domestic-E07000221-Stratford-on-Avon",
  "Warwick": "domestic-E07000222-Warwick",
  "Birmingham": "domestic-E08000025-Birmingham",
  "Coventry": "domestic-E08000026-Coventry",
  "Dudley": "domestic-E08000027-Dudley",
  "Sandwell": "domestic-E08000028-Sandwell",
  "Solihull": "domestic-E08000029-Solihull",
  "Walsall": "domestic-E08000030-Walsall",
  "Wolverhampton": "domestic-E08000031-Wolverhampton",
  "Bromsgrove": "domestic-E07000234-Bromsgrove",
  "Malvern Hills": "domestic-E07000235-Malvern-Hills",
  "Redditch": "domestic-E07000236-Redditch",
  "Worcester": "domestic-E07000237-Worcester",
  "Wychavon": "domestic-E07000238-Wychavon",
  "Wyre Forest": "domestic-E07000239-Wyre-Forest",
  "Bedford UA": "domestic-E06000055-Bedford",
  "Central Bedfordshire UA": "domestic-E06000056-Central-Bedfordshire",
  "Luton UA": "domestic-E06000032-Luton",
  "Peterborough UA": "domestic-E06000031-Peterborough",
  "Southend-on-Sea UA": "domestic-E06000033-Southend-on-Sea",
  "Thurrock UA": "domestic-E06000034-Thurrock",
  "Cambridge": "domestic-E07000008-Cambridge",
  "East Cambridgeshire": "domestic-E07000009-East-Cambridgeshire",
  "Fenland": "domestic-E07000010-Fenland",
  "Huntingdonshire": "domestic-E07000011-Huntingdonshire",
  "South Cambridgeshire": "domestic-E07000012-South-Cambridgeshire",
  "Basildon": "domestic-E07000066-Basildon",
  "Braintree": "domestic-E07000067-Braintree",
  "Brentwood": "domestic-E07000068-Brentwood",
  "Castle Point": "domestic-E07000069-Castle-Point",
  "Chelmsford": "domestic-E07000070-Chelmsford",
  "Colchester": "domestic-E07000071-Colchester",
  "Epping Forest": "domestic-E07000072-Epping-Forest",
  "Harlow": "domestic-E07000073-Harlow",
  "Maldon": "domestic-E07000074-Maldon",
  "Rochford": "domestic-E07000075-Rochford",
  "Tendring": "domestic-E07000076-Tendring",
  "Uttlesford": "domestic-E07000077-Uttlesford",
  "Broxbourne": "domestic-E07000095-Broxbourne",
  "Dacorum": "domestic-E07000096-Dacorum",
  "East Hertfordshire": "domestic-E07000242-East-Hertfordshire",
  "Hertsmere": "domestic-E07000098-Hertsmere",
  "North Hertfordshire": "domestic-E07000099-North-Hertfordshire",
  "St Albans": "domestic-E07000240-St-Albans",
  "Stevenage": "domestic-E07000243-Stevenage",
  "Three Rivers": "domestic-E07000102-Three-Rivers",
  "Watford": "domestic-E07000103-Watford",
  "Welwyn Hatfield": "domestic-E07000241-Welwyn-Hatfield",
  "Breckland": "domestic-E07000143-Breckland",
  "Broadland": "domestic-E07000144-Broadland",
  "Great Yarmouth": "domestic-E07000145-Great-Yarmouth",
  "King's Lynn and West Norfolk": "domestic-E07000146-King-s-Lynn-and-West-Norfolk",
  "North Norfolk": "domestic-E07000147-North-Norfolk",
  "Norwich": "domestic-E07000148-Norwich",
  "South Norfolk": "domestic-E07000149-South-Norfolk",
  "Babergh": "domestic-E07000200-Babergh",
  "East Suffolk": "domestic-E07000244-East-Suffolk",
  "Ipswich": "domestic-E07000202-Ipswich",
  "Mid Suffolk": "domestic-E07000203-Mid-Suffolk",
  "West Suffolk": "domestic-E07000245-West-Suffolk",
  "Camden": "domestic-E09000007-Camden",
  "City of London": "domestic-E09000001-City-of-London",
  "Hackney": "domestic-E09000012-Hackney",
  "Hammersmith and Fulham": "domestic-E09000013-Hammersmith-and-Fulham",
  "Haringey": "domestic-E09000014-Haringey",
  "Islington": "domestic-E09000019-Islington",
  "Kensington and Chelsea": "domestic-E09000020-Kensington-and-Chelsea",
  "Lambeth": "domestic-E09000022-Lambeth",
  "Lewisham": "domestic-E09000023-Lewisham",
  "Newham": "domestic-E09000025-Newham",
  "Southwark": "domestic-E09000028-Southwark",
  "Tower Hamlets": "domestic-E09000030-Tower-Hamlets",
  "Wandsworth": "domestic-E09000032-Wandsworth",
  "Westminster": "domestic-E09000033-Westminster",
  "Barking and Dagenham": "domestic-E09000002-Barking-and-Dagenham",
  "Barnet": "domestic-E09000003-Barnet",
  "Bexley": "domestic-E09000004-Bexley",
  "Brent": "domestic-E09000005-Brent",
  "Bromley": "domestic-E09000006-Bromley",
  "Croydon": "domestic-E09000008-Croydon",
  "Ealing": "domestic-E09000009-Ealing",
  "Enfield": "domestic-E09000010-Enfield",
  "Greenwich": "domestic-E09000011-Greenwich",
  "Harrow": "domestic-E09000015-Harrow",
  "Havering": "domestic-E09000016-Havering",
  "Hillingdon": "domestic-E09000017-Hillingdon",
  "Hounslow": "domestic-E09000018-Hounslow",
  "Kingston upon Thames": "domestic-E09000021-Kingston-upon-Thames",
  "Merton": "domestic-E09000024-Merton",
  "Redbridge": "domestic-E09000026-Redbridge",
  "Richmond upon Thames": "domestic-E09000027-Richmond-upon-Thames",
  "Sutton": "domestic-E09000029-Sutton",
  "Waltham Forest": "domestic-E09000031-Waltham-Forest",
  "Bracknell Forest UA": "domestic-E06000036-Bracknell-Forest",
  "Brighton and Hove UA": "domestic-E06000043-Brighton-and-Hove",
  "Buckinghamshire UA": "domestic-E06000060-Buckinghamshire",
  "Aylesbury Vale": "domestic-E07000004-Aylesbury-Vale",
  "Chiltern": "domestic-E07000005-Chiltern",
  "South Bucks": "domestic-E07000006-South-Bucks",
  "Wycombe": "domestic-E07000007-Wycombe",
  "Isle of Wight UA": "domestic-E06000046-Isle-of-Wight",
  "Medway UA": "domestic-E06000035-Medway",
  "Milton Keynes UA": "domestic-E06000042-Milton-Keynes",
  "Portsmouth UA": "domestic-E06000044-Portsmouth",
  "Reading UA": "domestic-E06000038-Reading",
  "Slough UA": "domestic-E06000039-Slough",
  "Southampton UA": "domestic-E06000045-Southampton",
  "West Berkshire UA": "domestic-E06000037-West-Berkshire",
  "Windsor and Maidenhead UA": "domestic-E06000040-Windsor-and-Maidenhead",
  "Wokingham UA": "domestic-E06000041-Wokingham",
  "Eastbourne": "domestic-E07000061-Eastbourne",
  "Hastings": "domestic-E07000062-Hastings",
  "Lewes": "domestic-E07000063-Lewes",
  "Rother": "domestic-E07000064-Rother",
  "Wealden": "domestic-E07000065-Wealden",
  "Basingstoke and Deane": "domestic-E07000084-Basingstoke-and-Deane",
  "East Hampshire": "domestic-E07000085-East-Hampshire",
  "Eastleigh": "domestic-E07000086-Eastleigh",
  "Fareham": "domestic-E07000087-Fareham",
  "Gosport": "domestic-E07000088-Gosport",
  "Hart": "domestic-E07000089-Hart",
  "Havant": "domestic-E07000090-Havant",
  "New Forest": "domestic-E07000091-New-Forest",
  "Rushmoor": "domestic-E07000092-Rushmoor",
  "Test Valley": "domestic-E07000093-Test-Valley",
  "Winchester": "domestic-E07000094-Winchester",
  "Ashford": "domestic-E07000105-Ashford",
  "Canterbury": "domestic-E07000106-Canterbury",
  "Dartford": "domestic-E07000107-Dartford",
  "Dover": "domestic-E07000108-Dover",
  "Folkestone and Hythe": "domestic-E07000112-Folkestone-and-Hythe",
  "Gravesham": "domestic-E07000109-Gravesham",
  "Maidstone": "domestic-E07000110-Maidstone",
  "Sevenoaks": "domestic-E07000111-Sevenoaks",
  "Swale": "domestic-E07000113-Swale",
  "Thanet": "domestic-E07000114-Thanet",
  "Tonbridge and Malling": "domestic-E07000115-Tonbridge-and-Malling",
  "Tunbridge Wells": "domestic-E07000116-Tunbridge-Wells",
  "Cherwell": "domestic-E07000177-Cherwell",
  "Oxford": "domestic-E07000178-Oxford",
  "South Oxfordshire": "domestic-E07000179-South-Oxfordshire",
  "Vale of White Horse": "domestic-E07000180-Vale-of-White-Horse",
  "West Oxfordshire": "domestic-E07000181-West-Oxfordshire",
  "Elmbridge": "domestic-E07000207-Elmbridge",
  "Epsom and Ewell": "domestic-E07000208-Epsom-and-Ewell",
  "Guildford": "domestic-E07000209-Guildford",
  "Mole Valley": "domestic-E07000210-Mole-Valley",
  "Reigate and Banstead": "domestic-E07000211-Reigate-and-Banstead",
  "Runnymede": "domestic-E07000212-Runnymede",
  "Spelthorne": "domestic-E07000213-Spelthorne",
  "Surrey Heath": "domestic-E07000214-Surrey-Heath",
  "Tandridge": "domestic-E07000215-Tandridge",
  "Waverley": "domestic-E07000216-Waverley",
  "Woking": "domestic-E07000217-Woking",
  "Adur": "domestic-E07000223-Adur",
  "Arun": "domestic-E07000224-Arun",
  "Chichester": "domestic-E07000225-Chichester",
  "Crawley": "domestic-E07000226-Crawley",
  "Horsham": "domestic-E07000227-Horsham",
  "Mid Sussex": "domestic-E07000228-Mid-Sussex",
  "Worthing": "domestic-E07000229-Worthing",
  "Bath and North East Somerset UA": "domestic-E06000022-Bath-and-North-East-Somerset",
  "Bournemouth, Christchurch and Poole UA": "domestic-E06000058-Bournemouth-Christchurch-and-Poole",
  "Bournemouth UA": "domestic-E06000058-Bournemouth-Christchurch-and-Poole",
  "Christchurch": "domestic-E06000058-Bournemouth-Christchurch-and-Poole",
  "Poole UA": "domestic-E06000058-Bournemouth-Christchurch-and-Poole",
  "Bristol, City of UA": "domestic-E06000023-Bristol-City-of",
  "Cornwall UA": "domestic-E06000052-Cornwall",
  "Dorset UA": "domestic-E06000059-Dorset",
  "East Dorset": "domestic-E06000059-Dorset",
  "North Dorset": "domestic-E06000059-DSorset",
  "Purbeck": "domestic-E06000059-Dorset",
  "West Dorset": "domestic-E06000059-Dorset",
  "Weymouth and Portland": "domestic-E06000059-Dorset",
  "Isles of Scilly UA": "domestic-E06000053-Isles-of-Scilly",
  "North Somerset UA": "domestic-E06000024-North-Somerset",
  "Plymouth UA": "domestic-E06000026-Plymouth",
  "Somerset UA": "domestic-E06000066-Somerset",
  "Mendip": "domestic-E07000187-Mendip",
  "Sedgemoor": "domestic-E07000188-Sedgemoor",
  "Somerset West and Taunton": "domestic-E07000246-Somerset-West-and-Taunton",
  "South Somerset": "domestic-E07000189-South-Somerset",
  "South Gloucestershire UA": "domestic-E06000025-South-Gloucestershire",
  "Swindon UA": "domestic-E06000030-Swindon",
  "Torbay UA": "domestic-E06000027-Torbay",
  "Wiltshire UA": "domestic-E06000054-Wiltshire",
  "East Devon": "domestic-E07000040-East-Devon",
  "Exeter": "domestic-E07000041-Exeter",
  "Mid Devon": "domestic-E07000042-Mid-Devon",
  "North Devon": "domestic-E07000043-North-Devon",
  "South Hams": "domestic-E07000044-South-Hams",
  "Teignbridge": "domestic-E07000045-Teignbridge",
  "Torridge": "domestic-E07000046-Torridge",
  "West Devon": "domestic-E07000047-West-Devon",
  "Cheltenham": "domestic-E07000078-Cheltenham",
  "Cotswold": "domestic-E07000079-Cotswold",
  "Forest of Dean": "domestic-E07000080-Forest-of-Dean",
  "Gloucester": "domestic-E07000081-Gloucester",
  "Stroud": "domestic-E07000082-Stroud",
  "Tewkesbury": "domestic-E07000083-Tewkesbury",
  "Isle of Anglesey / Ynys Môn": "domestic-W06000001-Isle-of-Anglesey",
  "Gwynedd / Gwynedd": "domestic-W06000002-Gwynedd",
  "Conwy / Conwy": "domestic-W06000003-Conwy",
  "Denbighshire / Sir Ddinbych": "domestic-W06000004-Denbighshire",
  "Flintshire / Sir y Fflint": "domestic-W06000005-Flintshire",
  "Wrexham / Wrecsam": "domestic-W06000006-Wrexham",
  "Ceredigion / Ceredigion": "domestic-W06000008-Ceredigion",
  "Pembrokeshire / Sir Benfro": "domestic-W06000009-Pembrokeshire",
  "Carmarthenshire / Sir Gaerfyrddin": "domestic-W06000010-Carmarthenshire",
  "Swansea / Abertawe": "domestic-W06000011-Swansea",
  "Neath Port Talbot / Castell-nedd Port Talbot": "domestic-W06000012-Neath-Port-Talbot",
  "Bridgend / Pen-y-bont ar Ogwr": "domestic-W06000013-Bridgend",
  "Vale of Glamorgan / Bro Morgannwg": "domestic-W06000014-Vale-of-Glamorgan",
  "Cardiff / Caerdydd": "domestic-W06000015-Cardiff",
  "Rhondda Cynon Taf / Rhondda Cynon Taf": "domestic-W06000016-Rhondda-Cynon-Taf",
  "Caerphilly / Caerffili": "domestic-W06000018-Caerphilly",
  "Blaenau Gwent / Blaenau Gwent": "domestic-W06000019-Blaenau-Gwent",
  "Torfaen / Tor-faen": "domestic-W06000020-Torfaen",
  "Monmouthshire / Sir Fynwy": "domestic-W06000021-Monmouthshire",
  "Newport / Casnewydd": "domestic-W06000022-Newport",
  "Powys / Powys": "domestic-W06000023-Powys",
  "Merthyr Tydfil / Merthyr Tudful": "domestic-W06000024-Merthyr-Tydfil"
}